{
  "epoch": 1,
  "step": 100,
  "config": {
    "vocab_size": 200,
    "n_embd": 128,
    "n_layer": 3,
    "n_head": 4,
    "n_ctx": 32,
    "batch_size": 4,
    "learning_rate": 0.0005,
    "weight_decay": 0.1,
    "num_epochs": 3,
    "warmup_steps": 500,
    "max_grad_norm": 1.0,
    "train_size": 200,
    "val_size": 40,
    "generate_every": 25,
    "max_generate_length": 20,
    "enable_optimizations": true,
    "save_checkpoints": true,
    "checkpoint_dir": "checkpoints/gpt2"
  },
  "metrics": {
    "train": {
      "loss": 5.331641817092896,
      "perplexity": 206.814833814027,
      "accuracy": 0.0020967741935483866,
      "time": 0.22153878211975098
    },
    "val": {
      "loss": 5.343585968017578,
      "perplexity": 209.26177245324067,
      "accuracy": 0.0,
      "time": 0.07192707061767578
    }
  }
}