{
  "epoch": 1,
  "config": {
    "vocab_size": 10000,
    "hidden_size": 256,
    "num_hidden_layers": 4,
    "num_attention_heads": 4,
    "intermediate_size": 1024,
    "max_seq_length": 64,
    "batch_size": 8,
    "learning_rate": 2e-05,
    "weight_decay": 0.01,
    "num_epochs": 3,
    "warmup_steps": 1000,
    "max_grad_norm": 1.0,
    "train_size": 1000,
    "val_size": 200,
    "num_classes": 2,
    "enable_optimizations": true,
    "save_checkpoints": true,
    "checkpoint_dir": "checkpoints/bert"
  },
  "metrics": {
    "train": {
      "loss": 0.6932793688774109,
      "accuracy": 0.5,
      "time": 2.714700937271118
    },
    "val": {
      "loss": 0.693446626663208,
      "accuracy": 0.5,
      "time": 0.5365540981292725
    }
  },
  "classifier": {
    "dropout_prob": 0.1,
    "weight": "[[-1.82622038e-02  2.25510355e-02]\n [-2.26012263e-02 -8.12940183e-04]\n [-1.27308713e-02  6.35312824e-03]\n [ 4.49948292e-03 -2.96562314e-02]\n [-1.68482028e-02 -1.14284325e-02]\n [ 8.12852103e-03  2.47659180e-02]\n [-1.72252581e-02 -8.71380512e-03]\n [-2.09740805e-03  3.74869257e-02]\n [-6.65923022e-03  1.57009568e-02]\n [ 2.43390109e-02 -2.50537489e-02]\n [-2.48240009e-02 -2.30681915e-02]\n [-1.46415560e-02  7.43472856e-03]\n [ 1.86492465e-02 -5.05335890e-02]\n [-2.19395496e-02 -1.09823057e-02]\n [-4.22566052e-04 -2.43473914e-03]\n [-2.26657093e-02  4.31313440e-02]\n [-1.69361737e-02 -1.24945352e-02]\n [ 2.43128669e-02 -5.06570749e-03]\n [-1.89351682e-02  2.50434950e-02]\n [ 1.61967333e-02  1.82639924e-03]\n [ 4.64996360e-02 -5.80237247e-03]\n [-1.27139185e-02 -3.88417556e-03]\n [-1.86694022e-02  1.15157999e-02]\n [-1.36298221e-02 -9.39572044e-03]\n [ 2.83931009e-02  3.03903949e-02]\n [ 2.21483782e-02 -9.43873543e-03]\n [ 3.52983661e-02 -8.49521905e-03]\n [-3.25960061e-03  9.01228562e-03]\n [-4.20645997e-02  3.87232266e-02]\n [ 2.01969389e-02 -5.73228672e-02]\n [ 5.39014908e-03  9.67613794e-03]\n [-2.44156122e-02 -1.84402671e-02]\n [ 2.21662298e-02  1.09841451e-02]\n [ 3.77900293e-03  5.71449194e-03]\n [-2.43267920e-02  3.14604118e-02]\n [ 2.46447418e-02  3.14139249e-03]\n [ 1.63572412e-02 -5.57968114e-03]\n [ 3.91958002e-03 -7.09211966e-03]\n [-1.79711170e-02 -2.05248259e-02]\n [ 1.18714469e-02 -1.12995822e-02]\n [-1.63748562e-02 -1.51307778e-02]\n [-3.89518254e-02 -4.24028933e-03]\n [-3.48916487e-03  1.35365613e-02]\n [ 2.21557971e-02  2.25616153e-03]\n [-7.74910150e-04  3.44044250e-03]\n [-1.16609260e-02 -1.78861525e-02]\n [ 2.37637609e-02 -1.86045014e-03]\n [ 1.48729784e-02  3.13375168e-03]\n [-2.55966652e-02  2.38814624e-03]\n [-1.10480422e-02  2.75599142e-03]\n [ 2.59074080e-03 -8.40991735e-03]\n [ 5.05685806e-03 -2.09391080e-02]\n [-2.25323308e-02 -3.28779928e-02]\n [ 1.42577477e-02 -1.44745281e-03]\n [-5.80713619e-03  8.22190754e-03]\n [ 2.32132468e-02 -1.76076125e-02]\n [ 3.66848446e-02  7.52732437e-03]\n [ 4.97439317e-03 -2.24672933e-03]\n [-3.26913083e-03 -2.02275384e-02]\n [ 4.59258677e-03 -6.23540860e-03]\n [ 1.53849171e-02 -6.34290092e-03]\n [ 3.61275184e-03  1.82980730e-03]\n [-9.99213662e-04 -8.74239858e-03]\n [-1.05089517e-02 -4.44887253e-03]\n [ 1.74053684e-02 -1.98430084e-02]\n [-1.96320377e-02  1.16365338e-02]\n [-1.94576625e-02  6.20217025e-02]\n [ 3.24576460e-02  7.62860477e-03]\n [-9.19982605e-03 -7.36748939e-03]\n [ 1.36488408e-03  2.96210479e-02]\n [ 4.01674695e-02 -2.55583003e-02]\n [ 2.24004239e-02 -4.06750990e-03]\n [ 1.15340883e-02 -8.98406748e-03]\n [-1.22361155e-02 -9.25319642e-03]\n [-1.16252573e-02  1.10179782e-02]\n [ 3.36765014e-02  1.13055306e-02]\n [-8.36449768e-03 -1.42905945e-02]\n [ 3.76274697e-02  2.10211035e-02]\n [ 1.17792480e-03  2.17913389e-02]\n [-1.09451031e-02  6.00761687e-03]\n [ 1.09822080e-02  5.34004671e-03]\n [ 2.80095134e-02 -9.86373425e-03]\n [-2.75124609e-02  3.36095244e-02]\n [-3.65822688e-02 -4.20570709e-02]\n [ 2.69508753e-02  3.57794166e-02]\n [-4.62059639e-02 -3.64058577e-02]\n [-5.58268139e-03  1.16033144e-02]\n [-1.21444501e-02  2.67209001e-02]\n [-2.50953659e-02 -2.36809459e-02]\n [ 9.36626166e-04 -7.84661621e-03]\n [ 1.06057916e-02 -2.59162411e-02]\n [-2.64596357e-03 -2.24249326e-02]\n [ 3.77664566e-02 -3.44824009e-02]\n [-6.55785250e-03  2.98892194e-03]\n [-1.85014643e-02  3.41057731e-03]\n [-1.16558513e-02  5.77130541e-03]\n [-4.51111747e-03 -3.57029005e-03]\n [-2.62066424e-02 -2.68111634e-03]\n [ 3.77521734e-03  3.78915146e-02]\n [ 5.00920229e-02  1.68403499e-02]\n [ 6.85366662e-03  1.59036200e-02]\n [-1.00956243e-02  9.18235071e-03]\n [-1.29892153e-03  2.78241537e-03]\n [ 1.19938748e-02 -9.64965019e-03]\n [-6.92303572e-03 -2.38919277e-02]\n [ 5.67767210e-03  6.03946391e-03]\n [-3.26030119e-03  1.19829942e-02]\n [ 4.89190631e-02 -3.52407582e-02]\n [ 2.63930932e-02  1.27537604e-02]\n [-1.27421450e-02  3.79337966e-02]\n [-9.63381492e-03 -1.30977165e-02]\n [ 1.74551662e-02  1.23524875e-03]\n [ 1.24107487e-02  1.75169110e-02]\n [-2.72774883e-02 -2.57262103e-02]\n [ 7.18591968e-03  1.99825596e-02]\n [ 1.83944777e-02  8.21998063e-03]\n [-1.85071584e-03 -2.98551973e-02]\n [ 1.38043230e-02  5.94996428e-03]\n [ 5.19460998e-02 -4.24873196e-02]\n [ 9.60517864e-05 -3.60495225e-03]\n [ 1.89719964e-02  2.56281681e-02]\n [ 5.29649016e-03  1.01242205e-02]\n [-1.31896781e-02 -1.18103931e-02]\n [ 1.81873832e-02 -1.22358333e-02]\n [-2.09026691e-02  2.64719632e-02]\n [ 1.51987455e-03  1.60419696e-03]\n [-9.00447922e-05  4.10977006e-03]\n [ 3.02596879e-03 -5.08166943e-03]\n [-3.75111680e-03  2.47544087e-02]\n [ 6.56924560e-04  4.82097920e-03]\n [ 2.29241084e-02 -6.76914398e-03]\n [ 1.29196243e-02 -3.76131712e-03]\n [ 3.71427536e-02  1.57911815e-02]\n [ 1.35009354e-02 -4.68401657e-03]\n [ 1.64366830e-02  6.87594200e-03]\n [-5.47876302e-03  1.08003523e-02]\n [-2.57528629e-02  1.33859618e-02]\n [ 2.63460502e-02  1.86713133e-02]\n [-2.63662022e-02  1.31448656e-02]\n [-2.20863614e-03 -4.53790762e-02]\n [-2.28773542e-02  2.24937107e-02]\n [ 9.48423427e-03  8.86521768e-03]\n [-4.42741392e-03  2.92742532e-02]\n [ 1.47733986e-02 -1.66812874e-02]\n [-8.84880312e-03  2.49785185e-02]\n [ 1.75603535e-02 -2.46304981e-02]\n [ 2.13614944e-02  2.44534053e-02]\n [-9.62645374e-03 -6.30461797e-03]\n [-2.20748479e-04 -1.43257645e-03]\n [-5.50667830e-02 -3.99549864e-02]\n [ 1.08997049e-02 -9.42644384e-03]\n [ 3.57643748e-03 -9.22690798e-03]\n [ 2.29791589e-02 -2.76839696e-02]\n [-4.81781346e-04 -1.84949953e-02]\n [ 2.58517060e-02 -1.83910951e-02]\n [-2.60345191e-02  2.99302232e-03]\n [ 7.26131024e-03  1.19691910e-02]\n [-6.63764356e-03 -1.02450559e-02]\n [ 3.25379111e-02 -9.84546263e-03]\n [ 3.96540426e-02  3.79145667e-02]\n [ 1.03782536e-02  4.51247487e-03]\n [-1.65105686e-02 -1.16866399e-02]\n [ 3.13290097e-02 -4.05908450e-02]\n [-2.45711636e-02  4.31709690e-03]\n [ 2.52697486e-02  2.62805857e-02]\n [ 6.50895983e-02  2.89721284e-02]\n [-2.96022315e-02 -1.50904758e-02]\n [-1.62157381e-03 -5.87285645e-02]\n [ 2.66819214e-03 -1.00023039e-02]\n [ 3.43654938e-02 -9.02762171e-04]\n [ 5.76079823e-03 -5.92579460e-03]\n [-4.53089550e-03  3.02073024e-02]\n [-1.94276404e-02  4.07750485e-04]\n [-3.59193934e-03  2.71395184e-02]\n [ 1.39125101e-02  6.08837465e-03]\n [-5.56401908e-03  2.87787840e-02]\n [ 3.99316847e-03  1.17777567e-02]\n [ 6.77935034e-02 -2.88054626e-02]\n [-1.17385490e-02  4.53801081e-02]\n [ 1.77689400e-02 -1.17813572e-02]\n [ 1.41753191e-02 -2.49370351e-03]\n [ 2.94329561e-02  1.51798306e-02]\n [-2.12200973e-02 -2.98398398e-02]\n [ 1.89920105e-02 -9.58341919e-03]\n [ 1.54949240e-02  5.67963906e-03]\n [-1.77801435e-03  4.66123894e-02]\n [ 4.63559898e-03 -1.83925405e-03]\n [-6.83894334e-03  1.04965791e-02]\n [ 2.26551313e-02 -9.80376080e-03]\n [-6.80313678e-03  8.60285107e-03]\n [ 1.55989057e-03  1.46902818e-02]\n [ 5.26126008e-03 -1.18811727e-02]\n [-5.08419645e-04 -5.24393236e-03]\n [-4.47522216e-02 -9.85237490e-03]\n [-2.15853229e-02  2.32366268e-02]\n [ 2.39922162e-02  5.15686423e-02]\n [ 1.06814224e-02 -3.78211471e-03]\n [-7.91004580e-03 -1.48310112e-02]\n [ 3.14631835e-02  2.32100729e-02]\n [-2.82392208e-03  