{
  "epoch": 0,
  "config": {
    "vocab_size": 10000,
    "hidden_size": 256,
    "num_hidden_layers": 4,
    "num_attention_heads": 4,
    "intermediate_size": 1024,
    "max_seq_length": 64,
    "batch_size": 8,
    "learning_rate": 2e-05,
    "weight_decay": 0.01,
    "num_epochs": 3,
    "warmup_steps": 1000,
    "max_grad_norm": 1.0,
    "train_size": 1000,
    "val_size": 200,
    "num_classes": 2,
    "enable_optimizations": true,
    "save_checkpoints": true,
    "checkpoint_dir": "checkpoints/bert"
  },
  "metrics": {
    "train": {
      "loss": 0.6946836252212525,
      "accuracy": 0.5,
      "time": 14.132282733917236
    },
    "val": {
      "loss": 0.6945485877990722,
      "accuracy": 0.5,
      "time": 2.8435211181640625
    }
  },
  "classifier": {
    "dropout_prob": 0.1,
    "weight": "[[ 1.21888649e-02 -2.13175453e-02]\n [ 1.71527304e-02  9.93642211e-03]\n [ 2.54726335e-02  6.72123954e-03]\n [-8.74561258e-03  1.19978972e-02]\n [ 3.24687287e-02 -4.32660396e-04]\n [ 6.34944125e-04  2.40623988e-02]\n [-2.68719234e-02  2.22874135e-02]\n [-2.65876558e-02  4.40483466e-02]\n [ 6.37095515e-03 -6.13011536e-04]\n [ 5.14418492e-03 -9.01248492e-03]\n [-1.60192177e-02 -3.20147760e-02]\n [-1.67938170e-03  1.20378891e-03]\n [-4.76991897e-03  2.11909506e-02]\n [ 8.95835459e-03 -2.55071912e-02]\n [ 1.97075512e-02  1.26450639e-02]\n [ 1.15707954e-02  4.32498939e-02]\n [ 5.09105297e-03 -1.02902316e-02]\n [-2.46092007e-02 -1.73411015e-02]\n [ 1.17287394e-02  3.55332252e-03]\n [ 2.37929486e-02  2.61935107e-02]\n [ 1.14775787e-03 -1.33413738e-02]\n [-4.75544780e-02  2.54713800e-02]\n [ 2.10934877e-02  1.94772631e-02]\n [-1.06930099e-02 -1.64019037e-02]\n [-9.32717137e-03 -3.17998752e-02]\n [ 3.44671682e-02  3.73155102e-02]\n [ 1.35893878e-02 -3.27745639e-03]\n [ 4.38104197e-02 -1.82228105e-03]\n [ 1.28195183e-02 -1.64567325e-02]\n [-1.75938029e-02  6.96688239e-03]\n [-9.66849551e-03 -1.55049022e-02]\n [ 7.82210473e-03 -3.27686183e-02]\n [ 5.45400241e-03 -7.66542414e-03]\n [-3.17813945e-04 -1.41703971e-02]\n [ 9.53315571e-03 -2.12631393e-02]\n [-7.39270868e-03 -3.10052931e-02]\n [ 1.98301906e-03  7.99303129e-03]\n [ 7.81277381e-03 -8.59777629e-03]\n [-2.05318425e-02 -6.73705526e-03]\n [ 1.23506011e-02  2.43650973e-02]\n [-9.63806640e-03  1.25646358e-02]\n [ 3.42425853e-02  4.69530048e-03]\n [ 3.84247899e-02 -2.67079845e-02]\n [-3.52799818e-02  2.79041026e-02]\n [ 1.19243581e-02 -5.91508821e-02]\n [ 1.48465885e-02 -2.07278337e-02]\n [-4.43345867e-02 -3.81581001e-02]\n [ 2.07466073e-02 -3.29463594e-02]\n [ 7.72105902e-03  2.55478043e-02]\n [ 1.57393385e-02 -5.20228688e-03]\n [-2.42067827e-03  2.66811457e-02]\n [ 2.93880142e-02 -6.57000532e-03]\n [-1.96910482e-02 -1.48745708e-03]\n [ 1.36996005e-02 -3.57425655e-03]\n [ 2.13263463e-02  7.35338256e-02]\n [-1.47290798e-02 -1.40122231e-02]\n [ 2.59369076e-03  1.14609452e-03]\n [ 2.28341054e-02  1.12929393e-03]\n [ 2.10091732e-02 -1.96569003e-02]\n [-1.93133093e-02  2.54450773e-04]\n [ 8.07691086e-03 -1.93979323e-03]\n [-8.06655642e-03 -1.10457065e-02]\n [ 8.02513026e-03 -6.90747844e-03]\n [-5.52153261e-03 -2.05451436e-02]\n [-3.36644314e-02 -1.73355490e-02]\n [ 9.50941723e-03 -8.44965130e-03]\n [-3.65062355e-04  2.16537528e-02]\n [ 3.25138797e-03  3.05804871e-02]\n [-1.11739645e-02 -1.10474264e-03]\n [-4.48658084e-03  3.27235907e-02]\n [-1.20441411e-02  9.59077291e-03]\n [-2.14453414e-03 -1.14137996e-02]\n [-1.30548365e-02 -1.37261879e-02]\n [ 5.15333563e-03  7.19980570e-03]\n [ 4.67769476e-03 -9.34287254e-03]\n [-2.73637902e-02 -2.15921849e-02]\n [-5.76381804e-03  2.33787801e-02]\n [-3.33674289e-02 -3.51975597e-02]\n [ 4.90590511e-03  1.62052456e-02]\n [-1.30289029e-02 -1.64310616e-02]\n [ 3.71775241e-03  5.10592870e-02]\n [-3.96910757e-02  7.34071247e-03]\n [ 9.86545114e-04 -3.69923748e-02]\n [-1.27307437e-02 -2.51210686e-02]\n [-8.46863352e-03 -1.62797403e-02]\n [-1.36555387e-02  2.61079073e-02]\n [-4.92988229e-02 -3.15469168e-02]\n [ 1.06130978e-02  8.10453948e-03]\n [ 7.73845101e-03 -4.96401871e-03]\n [-2.20022630e-02 -9.02296416e-03]\n [ 3.78865260e-03 -3.51198041e-03]\n [-1.37025909e-02 -1.45358760e-02]\n [-1.24051468e-02  3.52838598e-02]\n [ 3.74893248e-02 -1.28663629e-02]\n [-3.84634621e-02  1.69455155e-03]\n [-2.82363500e-02  3.53441201e-02]\n [-9.64249391e-03  4.46246378e-02]\n [ 2.40009706e-02  2.08815020e-02]\n [ 8.39037634e-03  2.25666328e-03]\n [-6.14590026e-05 -2.12439541e-02]\n [-1.32134352e-02 -1.78098325e-02]\n [ 1.73292439e-02  2.55762674e-02]\n [-3.21882553e-02  6.49917452e-03]\n [-1.68969836e-02 -8.96674395e-03]\n [-7.76126981e-03  1.11394404e-02]\n [ 2.43955776e-02 -1.67920999e-02]\n [-4.92676022e-03 -2.36818902e-02]\n [ 1.50417779e-02  2.03758162e-02]\n [-1.54963695e-02 -4.06740382e-02]\n [ 4.13373066e-03  9.44620837e-03]\n [-3.20916362e-02  2.46481653e-02]\n [ 1.95707791e-02  1.47193801e-02]\n [ 1.26839112e-02  4.44202451e-03]\n [ 3.33814137e-02  2.04897225e-02]\n [ 1.95765365e-02 -3.69220525e-02]\n [ 2.34199528e-04 -1.87983904e-02]\n [-1.58818867e-02  1.35500366e-02]\n [-1.66765619e-02  8.99359211e-03]\n [-9.50510948e-05  3.05006895e-02]\n [ 9.38980654e-03 -2.60499027e-02]\n [-9.17612575e-03  1.78674124e-02]\n [-1.47478969e-03  1.71986353e-02]\n [-2.16652523e-03 -1.57317277e-02]\n [-1.79488193e-02 -7.04327039e-03]\n [-1.14552677e-03 -2.65816245e-02]\n [ 2.18003057e-02  2.74099838e-02]\n [ 2.01456733e-02  2.51260903e-02]\n [ 3.86510114e-03 -5.50039532e-03]\n [-1.68040209e-02 -9.30883083e-03]\n [ 4.05623280e-02 -3.04456297e-02]\n [-3.25599276e-02 -1.15775270e-02]\n [ 8.38168338e-03  2.20714882e-02]\n [-1.11364778e-02 -5.72533952e-03]\n [ 1.14047155e-02  7.59598054e-03]\n [ 5.50993765e-03  1.18059553e-02]\n [-7.41286250e-03  3.10460888e-02]\n [ 1.84986815e-02 -3.66093256e-02]\n [ 2.78006531e-02 -1.61773842e-02]\n [ 1.34754200e-02 -6.04858901e-03]\n [-5.86759532e-03 -4.29866882e-03]\n [-2.29450557e-02 -2.65252385e-02]\n [-7.85476062e-03  9.40693077e-03]\n [-1.52789813e-03 -3.38000692e-02]\n [-1.32954177e-02  7.62810407e-04]\n [ 2.57216021e-02  1.79450810e-02]\n [-1.87175088e-02  1.22313090e-02]\n [-1.11732818e-02  2.61462498e-02]\n [-1.14170033e-02 -1.95056405e-02]\n [-1.35137551e-02  5.17526362e-03]\n [-4.44684774e-02  4.06186953e-02]\n [-2.75851339e-02  7.27601582e-03]\n [ 5.17877191e-03  5.57703245e-03]\n [ 1.27746779e-02  3.51897115e-03]\n [-1.81728303e-02  3.70274782e-02]\n [-1.05680320e-02 -3.19892988e-02]\n [ 2.44773901e-03 -7.88454246e-03]\n [-2.09619780e-03 -9.14476905e-03]\n [ 8.29030294e-03  1.09757707e-02]\n [ 2.94475071e-02  3.35208164e-03]\n [-1.97923910e-02  2.80924272e-02]\n [-4.59965058e-02  1.55726373e-02]\n [ 1.85401086e-02  1.55108806e-03]\n [ 1.46085946e-02  5.87897189e-03]\n [ 1.00684501e-02 -3.56110837e-03]\n [ 6.64187176e-03 -3.53946574e-02]\n [-2.92667933e-02  1.82782114e-02]\n [-5.66231413e-03 -7.24465959e-03]\n [ 1.92308426e-02 -1.36656861e-03]\n [-1.60760209e-02  1.60802770e-02]\n [-3.79831786e-03 -1.38256606e-03]\n [-2.62213275e-02 -2.91015282e-02]\n [-7.66325556e-03 -2.50871442e-02]\n [-1.92431465e-03 -1.80725157e-02]\n [ 7.71402242e-03  5.70943095e-02]\n [ 3.02595063e-03  1.74793229e-02]\n [-3.38183865e-02  1.05248597e-02]\n [ 1.93856061e-02 -2.44629830e-02]\n [ 2.23512221e-02 -4.13154513e-02]\n [-3.91916707e-02 -3.57916243e-02]\n [-1.11426776e-02  8.56444426e-03]\n [-2.96725761e-02  2.02612635e-02]\n [-1.79127348e-03  3.52366455e-02]\n [ 1.11291939e-02  1.85486060e-02]\n [-9.59344395e-03  1.62176937e-02]\n [ 2.07994394e-02  1.64665806e-04]\n [-1.50369247e-02 -1.08915223e-02]\n [ 3.12208440e-02 -8.99648946e-03]\n [-4.99233371e-03 -1.12790568e-02]\n [-3.91873717e-02 -1.79644953e-02]\n [ 3.67650203e-02  1.22049814e-02]\n [-2.38180831e-02 -3.79885063e-02]\n [ 5.72334044e-03  3.00493613e-02]\n [ 4.15803771e-03 -1.85444690e-02]\n [ 1.03248041e-02  1.66362338e-02]\n [-1.22162020e-02  2.05118605e-03]\n [-2.49830075e-02 -6.41730335e-03]\n [ 2.17915643e-02 -2.30355258e-03]\n [ 3.42651783e-03 -1.20451851e-02]\n [ 9.57647222e-04  3.05381254e-03]\n [ 1.33455489e-02 