{
  "epoch": 0,
  "step": 50,
  "config": {
    "vocab_size": 200,
    "n_embd": 128,
    "n_layer": 3,
    "n_head": 4,
    "n_ctx": 32,
    "batch_size": 4,
    "learning_rate": 0.0005,
    "weight_decay": 0.1,
    "num_epochs": 3,
    "warmup_steps": 500,
    "max_grad_norm": 1.0,
    "train_size": 200,
    "val_size": 40,
    "generate_every": 25,
    "max_generate_length": 20,
    "enable_optimizations": true,
    "save_checkpoints": true,
    "checkpoint_dir": "checkpoints/gpt2"
  },
  "metrics": {
    "train": {
      "loss": 5.319382200241089,
      "perplexity": 204.30234833567513,
      "accuracy": 0.002258064516129031,
      "time": 0.5012311935424805
    },
    "val": {
      "loss": 5.374668598175049,
      "perplexity": 215.86832129957332,
      "accuracy": 0.0,
      "time": 0.034130096435546875
    }
  }
}