{
  "epoch": 1,
  "step": 100,
  "config": {
    "vocab_size": 200,
    "n_embd": 128,
    "n_layer": 3,
    "n_head": 4,
    "n_ctx": 32,
    "batch_size": 4,
    "learning_rate": 0.0005,
    "weight_decay": 0.1,
    "num_epochs": 3,
    "warmup_steps": 500,
    "max_grad_norm": 1.0,
    "train_size": 200,
    "val_size": 40,
    "generate_every": 25,
    "max_generate_length": 20,
    "enable_optimizations": true,
    "save_checkpoints": true,
    "checkpoint_dir": "checkpoints/gpt2"
  },
  "metrics": {
    "train": {
      "loss": 5.319382257461548,
      "perplexity": 204.31364623435465,
      "accuracy": 0.002258064516129032,
      "time": 0.1834239959716797
    },
    "val": {
      "loss": 5.374668598175049,
      "perplexity": 215.86832129957332,
      "accuracy": 0.0,
      "time": 0.03400397300720215
    }
  }
}